CHROM	START	POS	GEOGRAPHY	mut	u	REF
1	489336	489337	Eastern_Africa	C	6	01_489337_A
1	489336	489337	Western_Africa	A	6	01_489337_A
2	305437	305438	South_America	G	4	02_305438_T
2	367270	367271	Eastern_Africa	T	6	02_367271_A
2	367270	367271	Western_Africa	A	6	02_367271_A
2	375426	375427	Eastern_Africa	A	6	02_375427_G
2	375426	375427	Western_Africa	G	6	02_375427_G
3	383168	383169	Eastern_Africa	T	6	03_383169_A
3	383168	383169	Western_Africa	A	6	03_383169_A
3	617425	617426	Africa	G	4	03_617426_G
3	619608	619609	Africa	T	4	03_619609_T
3	637881	637882	Southeast_Asia	T	5	03_637882_C
3	705862	705863	Africa	G	4	03_705863_G
3	788637	788638	Oceania	T	4	03_788638_A
4	306269	306270	Horn_of_Africa	A	4	04_306270_T
4	329483	329484	Africa	G	4	04_329484_G
4	465546	465547	Southeast_Asia	T	5	04_465547_G
8	849644	849645	South_America	C	4	08_849645_T
8	1063121	1063122	Horn_of_Africa	G	4	08_1063122_C
9	272201	272202	Oceania	T	4	09_272202_C
9	518293	518294	Horn_of_Africa	G	4	09_518294_A
9	596673	596674	Eastern_Africa	C	6	09_596674_T
9	596673	596674	Western_Africa	T	6	09_596674_T
9	664459	664460	Horn_of_Africa	C	4	09_664460_T
9	973528	973529	Horn_of_Africa	A	4	09_973529_G
9	1179854	1179855	Eastern_Africa	C	6	09_1179855_A
9	1179854	1179855	Western_Africa	A	6	09_1179855_A
9	1254041	1254042	Oceania	C	4	09_1254042_T
9	1258029	1258030	Oceania	A	4	09_1258030_C
9	1405702	1405703	Africa	G	4	09_1405703_G
9	1405702	1405703	Southeast_Asia	A	5	09_1405703_G
10	561233	561234	Eastern_Africa	G	6	10_561234_A
10	561233	561234	Western_Africa	A	6	10_561234_A
10	979295	979296	Horn_of_Africa	A	4	10_979296_T
11	502519	502520	Southeast_Asia	C	5	11_502520_T
11	637750	637751	Africa	C	4	11_637751_C
11	638298	638299	Africa	T	4	11_638299_T
11	1157267	1157268	South_America	A	4	11_1157268_T
11	1376226	1376227	Eastern_Africa	G	6	11_1376227_T
11	1376226	1376227	Western_Africa	T	6	11_1376227_T
11	1376368	1376369	Eastern_Africa	T	6	11_1376369_C
11	1376368	1376369	Western_Africa	C	6	11_1376369_C
11	1590865	1590866	Oceania	C	4	11_1590866_A
13	551302	551303	Southeast_Asia	A	5	13_551303_G
13	866846	866847	Oceania	C	4	13_866847_T
13	1464994	1464995	South_America	A	4	13_1464995_G
13	1490453	1490454	Oceania	T	4	13_1490454_C
13	1879454	1879455	South_America	G	4	13_1879455_A
13	1879469	1879470	South_America	A	4	13_1879470_G
13	2451360	2451361	Africa	T	4	13_2451361_T
13	2480453	2480454	Southeast_Asia	A	5	13_2480454_G
13	2481107	2481108	Eastern_Africa	G	6	13_2481108_C
13	2481107	2481108	Western_Africa	C	6	13_2481108_C
13	2481215	2481216	Southeast_Asia	G	5	13_2481216_A
13	2481904	2481905	Southeast_Asia	T	5	13_2481905_G
13	2740945	2740946	Oceania	G	4	13_2740946_C
14	421242	421243	Southeast_Asia	C	5	14_421243_G
14	916673	916674	Horn_of_Africa	T	4	14_916674_C
14	1159625	1159626	Horn_of_Africa	G	4	14_1159626_T
14	1258217	1258218	Horn_of_Africa	T	4	14_1258218_C
14	1314791	1314792	Horn_of_Africa	T	4	14_1314792_C