variant_position,Population,0
375427,AF-E,82.21
375427,AF-C,68.24
375427,AF-NE,48.62
375427,OC-NG,22.06
375427,AS-SE-E,12.06
375427,AS-SE-W,8.62
375427,AS-S-FE,3.58
375427,AF-W,3.54
375427,AS-S-E,3.08
375427,SA,
383169,AF-E,74.75
383169,AF-C,71.24
383169,AF-NE,31.19
383169,OC-NG,13.52
383169,AS-S-FE,7.38
383169,AS-S-E,3.85
383169,AF-W,2.86
383169,SA,2.07
383169,AS-SE-W,0.77
383169,AS-SE-E,0.61
489337,AF-C,87.18
489337,AF-NE,81.65
489337,AF-E,81.03
489337,OC-NG,58.51
489337,SA,56.85
489337,AS-S-E,6.15
489337,AF-W,2.79
489337,AS-S-FE,2.13
489337,AS-SE-E,1.11
489337,AS-SE-W,0.32
596674,AF-E,83.66
596674,AF-C,72.53
596674,SA,58.62
596674,AF-NE,46.79
596674,AS-S-E,20.61
596674,OC-NG,11.35
596674,AS-S-FE,8.83
596674,AF-W,2.92
596674,AS-SE-E,0.71
596674,AS-SE-W,0.38
2481108,AS-SE-W,92.46
2481108,AS-SE-E,89.86
2481108,AS-S-FE,88.26
2481108,AF-E,85.24
2481108,AF-C,81.62
2481108,OC-NG,78.29
2481108,AF-NE,63.3
2481108,AS-S-E,36.92
2481108,SA,24.14
2481108,AF-W,4.84
